-- acct01-10: SignedUpUsers
insert into Account values
('Triforium', 'acct01');

insert into Account values
('Abderian', 'acct02');

insert into Account values
('Panurgic', 'acct03');

insert into Account values
('Aardwolf', 'acct04');

insert into Account values
('Nonplussed', 'acct05');

insert into Account values
('Prognathic', 'acct06');

insert into Account values
('Monsoon', 'acct07');

insert into Account values
('Aardwolf', 'acct08');

insert into Account values
('Resiniferous', 'acct09');

insert into Account values
('BramblecUneath', 'acct10');

-- acct11-20: Restaurant Owners
insert into Account values
('Abattoir', 'acct11');

insert into Account values
('Ria4Deity', 'acct12');

insert into Account values
('Trumeau', 'acct13');

insert into Account values
('NunoMottle', 'acct14');

insert into Account values
('LukukAerobe', 'acct15');

insert into Account values
('Cecutiency', 'acct16');

insert into Account values
('LarcenyShuck', 'acct17');

insert into Account values
('Schematism', 'acct18');

insert into Account values
('Binnacle', 'acct19');

insert into Account values
('Vamoose', 'acct20');


insert into Food values('cereals');
insert into Food values('fruit and parfait');
insert into Food values('coffee');
insert into Food values('pancakes and waffles');
insert into Food values('eggs');
insert into Food values('juice');
insert into Food values('milk and dairy subs');
insert into Food values('bread and pastries');
insert into Food values('salads');
insert into Food values('grab-n-go items');
insert into Food values('bacon and sausages');
insert into Food values('all-in combos');


insert into Owner values
(5699572, 'Adam', 'Abattoir');

insert into Owner values
(1856132, 'Beth', 'Ria4Deity');

insert into Owner values
(0249831, 'Carol', 'Trumeau');

insert into Owner values
(2448608, 'David', 'NunoMottle');

insert into Owner values
(6355672, 'Eaton', 'LukukAerobe');

insert into Owner values
(3368104, 'Fest', 'Cecutiency');

insert into Owner values
(4747245, 'Greg', 'LarcenyShuck');

insert into Owner values
(1756280, 'Hellen', 'Schematism');

insert into Owner values
(4385958, 'Ian', 'Binnacle');

insert into Owner values
(5676173, 'Jason', 'Vamoose');




commit work;